"ID","Path","Width","Height","SHA256","DuplicateOf"
"E001","ethical hacking screen short/pc 1/blocked attacker ip.png","1918","1078","F9ACD919879009555E6A5BAE2702D7914C223B59BAD6A0345A96AA0EF1E410CE",""
"E002","ethical hacking screen short/pc 1/blocking pc bruno ip on pfsense.png","1912","1078","FFBA3281334D7FD6A4609C7A9099C6074896D3CF9F4C75FC45021FFFF76D9AEC",""
"E003","ethical hacking screen short/pc 1/blocking red team.png","1918","1078","CB8143C32ECDE2EC8E687AC2E57F70ED017ECEB3A883209B08A67CC3A2E7D110",""
"E004","ethical hacking screen short/pc 1/configuring pfsense 2 adapters one NAt.png","1918","1078","E8190D53A3D383962D7ABB463A7580798516462B492D7559CCC6A74F75FDF3D6",""
"E005","ethical hacking screen short/pc 1/pfsense adapter config bridge.png","1912","1078","A5FA4A979B2BF5905530008C0DF4054360C579BCB5B1715C620C966BB9EA0C7D",""
"E006","ethical hacking screen short/pc 1/suricata fast logs 2 .png","1918","1078","DBA5D79D8D4F01E8301D055D807B771F227C1E16726069A93E73B521AEE9B04A",""
"E007","ethical hacking screen short/pc 1/suricata fast logs displaying attacker .100 nmap .png","1918","1078","824074ACCDD26F91231EAD1E4D85AC4B315FA1A85C4DAAE2B20B7A4B374C1671",""
"E008","ethical hacking screen short/pc 1/suricata inst1.png","1918","1078","3BC5ECA78B30CB69A24C177E7FA7A0E450AB2EAFEAF3DB7A59A6276372F98F15",""
"E009","ethical hacking screen short/pc 1/suricata inst2.png","1918","1078","7B25587D2129417768AB80A55AA649F945C0913926E78AE54E82A902D13DE8A7",""
"E010","ethical hacking screen short/pc 1/suricata logs.png","1918","1078","8B582940FEDDBC36E55089F007C2A81F428B3FE2F38EF5F3A337F824CAA68019",""
"E011","ethical hacking screen short/pc 1/suricata stats logs.png","1918","1078","CE93AE5FD22D79B4C1012E965831D22E138B718EDC98B9DD37665858EB519BD6",""
"E012","ethical hacking screen short/pc 2/Capture d'écran 2026-10-03 144246.png","932","571","8556E96DE388150ED12681243064CAAD45B8AA5AB49AAD08A7BED2543B84E4C1",""
"E013","ethical hacking screen short/pc 2/Capture d'écran 2026-10-03 145336.png","1917","1001","9587B6D1D716C956657557F49F6791175F13877F894E01B65616474D2771BA33",""
"E014","ethical hacking screen short/pc 2/Capture d'écran 2026-10-03 145349.png","1907","832","0532CBD78F6C4E0560A82AE66D61315358B1F4CD3B893DB7C1E5DA166272ABFC",""
"E015","ethical hacking screen short/pc 2/Capture d'écran 2026-10-03 150533.png","1031","527","E5936327AC3386A5B94E380716FB478669324B273B18FF0017FC23E294C41B70",""
"E016","ethical hacking screen short/pc 2/Capture d'écran 2026-10-03 150758.png","902","535","62CC83C843DCBBAAAA23F403DD4332D366BF43A6DEE00F286E3CE052B5C33AB7",""
"E017","ethical hacking screen short/pc 2/Capture d'écran 2026-10-03 153545.png","1917","1078","7EC65439D0F86D411C03F2BD15F1F78D5015916734CAA30797BC03CDED160B4C",""
"E018","ethical hacking screen short/pc 2/Capture d'écran 2026-10-03 174340.png","1917","1078","9C143679322EEC0E154ADAF2414AB1127D68189137A3BA7D356B830542BAE8F4",""
"E019","ethical hacking screen short/pc 2/Capture d'écran 2026-10-03 182240.png","1917","1078","B0F5FCBD65BD2064FD4DCF11D812D9E29427A23506D98B7533883D3A69F2DE81",""
"E020","ethical hacking screen short/pc 3/allow-vuln.png","1918","1077","D579A008BBB62A74769DF37624412322670363B5128528224415C9D8D03A9002",""
"E021","ethical hacking screen short/pc 3/hacked-meta.png","1918","1078","DAA51E060F65CA016245B45602649BC21E84CFB3660232B1AC03D6763713E4E3",""
"E022","ethical hacking screen short/pc 3/netcofig-ubuntu1.png","1907","1078","9C36DAA1C1DD995EE9F5D9B1F63F4D43644B211B9B22A77D3FAB2C249699A337",""
"E023","ethical hacking screen short/pc 3/netcofig-ubuntu2.png","1918","1078","BEE14686AFE8B8132E8C7AFD1D8FBAE321BF78596FDAC462BFFA5397E105AF5E",""
"E024","ethical hacking screen short/pc 3/netconfig-metasploitable.png","1918","1078","345DB817EE65814D92A87AE1AAFFA26D23130E63DBD763491171C67217E38AA2",""
"E025","ethical hacking screen short/pc 3/vbox-metasploitable.png","1916","1078","65CCDB77C244BE69A9BA72C42936EB7D9AE1D5593129D939C497D388BD8EBBF1",""
"E026","ethical hacking screen short/pc 3/vbox-ubuntu1.png","1918","1078","517628B3F69C5EABE4FEAA7203FBD7D6FD2136DA1489F92C0A63E9D93E1EDE09",""
"E027","ethical hacking screen short/pc 3/vbox-ubuntu2.png","1918","1078","BEFA4D3CB87DEB41998E665BCF71BAF1FF44AA170983EA05F11DF7E68C58D058",""
"E028","ethical hacking screen short/pc 3/vul-bank.png","1918","1078","903FC9B0B6AF34D443A489BE51D0B79243CE4B3C152C5B7D446D00F21E3BA440",""
"E029","ethical hacking screen short/pc 3/vul-status.png","1918","1078","6DFD887250DB8C26A89A4D195C0353E6761C76BE28AD3717AF3EA31C8FC2BFC2",""
"E030","ethical hacking screen short/pc 4/T1-S1.png","1600","899","64A7B4D43E274E745A6E9519ACFB6AF7158344402D06CF233E69EF0C32A5D1FF",""
"E031","ethical hacking screen short/pc 4/T1-S2(1).png","1600","900","67ADF703E8E36F35A14E4B1D8D0E8F293DE9B16A4EC52C678AF23A300CF58708",""
"E032","ethical hacking screen short/pc 4/T1-S2(2).png","1600","900","A0CA0A32D7F5ABC79057D194EF04DB49965B68012B373B85CF4C5041D62F27C3",""
"E033","ethical hacking screen short/pc 4/T3-S1.png","1600","900","C57CF97A94CE668D1B103B8EA4C8AA69784812EB09F217CB87E359D1E4AB29FA",""
"E034","ethical hacking screen short/pc 4/T3-S2.png","1600","900","1426029A4B1BED16092B4728B091A818F9DD4412DE9388A30BDB26D1EEC2884E",""
"E035","ethical hacking screen short/pc 4/T3-S3(1).png","1600","900","8FBAC6D2B9067B71A013C61A088AA759FB6F6C4383A85E622B0CA40773B41E75",""
"E036","ethical hacking screen short/pc 4/T3-S3(2).png","1600","900","D797638C793993A7D7F34755454BE48FD3FC1DCFC2C73B3475ED397A4FE907D1",""
"E037","ethical hacking screen short/pc 4/T6-S1.png","1600","900","352D6639FF1099F8C3C4D64025CA044032A8DC4BD54419AB77BA77C3E3133D78",""
"E038","ethical hacking screen short/pc 4/T6-S2.png","1600","900","766E97A5CABBAB0CF4C257C835BF232D6E257108513619BC2BACBDF3875409F1",""
"E039","ethical hacking screen short/pc 4/T6-S3.png","1600","900","C21CB7A042C7C0E2336849088E0673DEA309CF74DAA19B78082B525923D7AF07",""
"E040","ethical hacking screen short/pc 4/T6-S4.png","1600","900","A06367499871F02E55B09EBFEA3D377185B978EDA2AA1A2757D90FC7C680A88F",""
"E041","ethical hacking screen short/pc 4/T7-S1.png","1600","900","A68CF856D29B6474BD340BBE1BBC38ACEE468BDEA6EAB6A1F6848265DD8C99F6",""
"E042","ethical hacking screen short/pc 4/T7-S2.png","1600","900","5C62398D0777FCCF14D3887FE3FD9E3D00E9716BBED29203F27D7DB6FECA2DAA",""
"E043","ethical hacking screen short/pc 4/T7-S3.png","1600","900","E08BB711FAA8E892565CE42213907274C71BFBE0F7277AE0CC69B6EB556F37C0",""
"E044","ethical hacking screen short/pc 4/T7-S4.png","1600","900","39AE4F408D69ED2F79AD59D0506543965EA2BC3268D11C5DAF2C45CD2C373295",""
"E045","ethical hacking screen short/pc 4/T7-S5.png","1600","900","C8E61F322BE139269A16A7CB6ED80727C0EE4DB196FD474E6D100184F8C568DE",""
"E046","ethical hacking screen short/pc 4/T9-S1.png","1600","900","B9629B8B5C1FEB9051419F33F65C27BCF7419312687951C5D7C29769471156AB",""
"E047","ethical hacking screen short/pc 4/T9-S2.png","1600","900","1DC82AED9A70A461AD45892BBD44891D653BAF6D011CC7389E3AB1458BC1B576",""
"E048","ethical hacking screen short/pc 5/screen1.png","1366","768","514B8C66C86F5B3192CE36F63BA7A57701AC6B5E0D6BB07C693631FD574AF834",""
"E049","ethical hacking screen short/pc 5/screen2.png","1366","768","0534B81C185125161828D26CDDD6799A11D53727312BAD8E9E733C8FBB5813C3",""
"E050","ethical hacking screen short/pc 5/screen3.png","1366","768","4D787DEC9A78C79DCC636EEE88704777FFE821455009689C82B3B1BDAF6F8CDF",""
"E051","ethical hacking screen short/pc 5/SCREEN4.PNG","1364","768","0AA1EC8F86D3843687D1EACB335E7A936E52AD1EFF1325673B2F73FA155B6418",""
"E052","ethical hacking screen short/pc 5/screen5.png","1328","768","88CE3B2BA66C30A5238DB428C2BEEE0B98DF4DE0F51719B6E831D3454BE31823",""
"E053","ethical hacking screen short/pc 5/screen6.png","1366","768","C45BB5DCDB5E6D6FD7BF51A4CE69A31035608C68DF271FD48C6BF253BFD862F2",""
"E054","ethical hacking screen short/pc 5/Screenshot 2026-10-03 143056.png","724","575","F6A976C597D4191EE6C381B4E2416ADBD43929C8A0EDED50A1A2EF0ABAEFF34B",""
"E055","ethical hacking screen short/pc 5/Screenshot 2026-10-03 143320.png","437","555","CF5D29A39BCC4484926118D303C83D0C5A85CACB958F11B54D6246B71D838C29",""
"E056","ethical hacking screen short/pc 5/Screenshot 2026-10-03 143718.png","1366","768","B7F8EF8C02103FF8DBE16842172F4EADD00F1E4087A017E70958A90109367C8E",""
"E057","ethical hacking screen short/pc 5/Screenshot 2026-10-03 152446.png","1093","549","ED539B6CB678E388E1B6DF00C174D72639BDAA75864336596246BD8CCD68B46E",""
"E058","ethical hacking screen short/pc 5/Screenshot 2026-10-03 152747.png","1366","715","DA35D3743660E0CD4B777AEC0B92A45E1F403E32D3CA0D77DA059ED4BD9791BF",""
"E059","ethical hacking screen short/pc 5/Screenshot 2026-10-03 153936.png","1365","667","7048519D52092482CF8605CE192B2128ADBA4F90B908D2199884EA5FA27BF65A",""
"E060","ethical hacking screen short/pc 5/Screenshot 2026-10-03 154616.png","1290","590","78A18DD25A7D848F3E7030C073208B48E04D36061A7A6B0CDE00F84D2CBAA7A7",""
"E061","ethical hacking screen short/pc 5/Screenshot 2026-10-03 155514.png","1366","768","9BD106917D4E7F9D1CF79807006F3885D2CEE97CB1E790F3FFADE5582B32B2BB",""
"E062","ethical hacking screen short/pc 5/Screenshot 2026-10-03 155614.png","1174","764","6608A7B763F76E85E0A1695CCE2F07BE41BB784ED29EA66265B748CE0D6492B3",""
"E063","ethical hacking screen short/pc 5/Screenshot 2026-10-03 160436.png","1366","768","42E463FDAB5703748FA1B63F4382E9A6623A8EAFDFC3195A5E34A9BFF62419CF",""
"E064","ethical hacking screen short/pc 5/Screenshot 2026-10-03 160458.png","1366","768","1F9FA9E50B1CDDD16C96C927B19F990ED12B26A8B8BBDE0652D4779C19376FAA",""
"E065","ethical hacking screen short/pc 5/Screenshot 2026-10-03 160524.png","646","502","1C57667A4D29A03CFD66607DDC017B611638ADB422E8F5D817BEDB0A0E075E32",""
"E066","ethical hacking screen short/pc 5/Screenshot 2026-10-03 160925.png","1360","714","B5F8C90DC06D15EDDF7DBA347A63B1D028DF4C1EAF7D7FC016C1231FEB46E072",""
"E067","ethical hacking screen short/pc 5/Screenshot 2026-10-03 162415.png","1366","768","80D4ED70AB033BBD26D984BEE905DB9212A026A7138686448DD74D513594A6B6",""
"E068","ethical hacking screen short/pc 5/Screenshot 2026-10-03 162450.png","1366","768","F4D24579D44B1DB9EA6637B1EF8D64AB5550969FA3B6D8871C8C86EED29A429C",""
"E069","ethical hacking screen short/pc 5/Screenshot 2026-10-03 162749.png","1366","768","DF646C683AFF450BE77858E8F02062B462BF11908060B32588C8E0CD72F30576",""
"E070","ethical hacking screen short/pc 5/Screenshot 2026-10-03 163708.png","1364","768","232A7D4BDABA1854CCE6023BEC56F8DAFB3C9AA4DA3046B5474949D112430B6F",""
"E071","ethical hacking screen short/pc 5/Screenshot 2026-10-03 165237.png","786","644","6B978E92D06ACF8B7F49748438B60354275E5E8ADAD069281DB76AFFD11928AD",""
"E072","ethical hacking screen short/pc 5/Screenshot 2026-10-03 165353.png","900","746","EBF942199A8937965C705188CCDC5D3162BDDCD0EE2925B597BA4646A71646FD",""
"E073","ethical hacking screen short/pc 5/Screenshot 2026-10-03 171010.png","666","617","CC386900199AC55300564B6F9BA2A4830A5F7D81A067487704BE23CE035E2F28",""
"E074","ethical hacking screen short/pc 5/Screenshot 2026-10-03 171043.png","651","587","C980EC13C4557347F4875123E113B4C37946040301DA3FC62D82F3A52E56898E",""
"E075","ethical hacking screen short/pc 5/Screenshot 2026-10-03 171827.png","1366","719","848BE400437501C10D29446DF0A6D9C22525A7970BE360FF355504DC2C5AD416",""
"E076","ethical hacking screen short/pc 5/Screenshot 2026-10-03 173024.png","1038","171","880360C9DB2E5CDA7457F2F5BC9283CB9DAC19EB2D610186AA3EB7CBAC4EB5A0",""
"E077","ethical hacking screen short/pc 5/Screenshot 2026-10-03 173956.png","1272","539","8DBFEBDD5A0625BBA39BA91D008D9A6D67BC8CF4F1F9436D61659F685323EDF1",""
"E078","ethical hacking screen short/pc 5/Screenshot 2026-10-03 175946.png","867","328","04C7CD2F58D7E7B22A7672776A4848D3018827C7858C3E50C5E55A52337C300E",""
"E079","ethical hacking screen short/pc 5/Screenshot 2026-10-03 180015.png","1328","768","5315CCF28E647E79F9C8FC46777807C999F32160D167A6601C4FBE9DBBB9C48E",""
"E080","ethical hacking screen short/pc 5/Screenshot 2026-10-03 182702.png","1366","768","05DF22AE27323E1965F3584C638DAFCD908A855B0C489BC79771E76AC4974BB5",""
"E081","rayan screen shorts/allow-vuln.png","1918","1077","D579A008BBB62A74769DF37624412322670363B5128528224415C9D8D03A9002","E020"
"E082","rayan screen shorts/hacked-meta.png","1918","1078","DAA51E060F65CA016245B45602649BC21E84CFB3660232B1AC03D6763713E4E3","E021"
"E083","rayan screen shorts/netcofig-ubuntu1.png","1907","1078","9C36DAA1C1DD995EE9F5D9B1F63F4D43644B211B9B22A77D3FAB2C249699A337","E022"
"E084","rayan screen shorts/netcofig-ubuntu2.png","1918","1078","BEE14686AFE8B8132E8C7AFD1D8FBAE321BF78596FDAC462BFFA5397E105AF5E","E023"
"E085","rayan screen shorts/netconfig-metasploitable.png","1918","1078","345DB817EE65814D92A87AE1AAFFA26D23130E63DBD763491171C67217E38AA2","E024"
"E086","rayan screen shorts/vbox-metasploitable.png","1916","1078","65CCDB77C244BE69A9BA72C42936EB7D9AE1D5593129D939C497D388BD8EBBF1","E025"
"E087","rayan screen shorts/vbox-ubuntu1.png","1918","1078","517628B3F69C5EABE4FEAA7203FBD7D6FD2136DA1489F92C0A63E9D93E1EDE09","E026"
"E088","rayan screen shorts/vbox-ubuntu2.png","1918","1078","BEFA4D3CB87DEB41998E665BCF71BAF1FF44AA170983EA05F11DF7E68C58D058","E027"
"E089","rayan screen shorts/vul-bank.png","1918","1078","903FC9B0B6AF34D443A489BE51D0B79243CE4B3C152C5B7D446D00F21E3BA440","E028"
"E090","rayan screen shorts/vul-status.png","1918","1078","6DFD887250DB8C26A89A4D195C0353E6761C76BE28AD3717AF3EA31C8FC2BFC2","E029"
